original_id,x_model,y_model,z_model,x_m,y_m,z_m,observation_count
2,0.0928756346261504,-0.0143802844112914,-0.233777315881348,0.192431792031741,-0.0297949393329019,-0.484370179676294,62
3,0.00999204003146482,-0.00816769514785518,-0.0651783277536611,0.0207028051764858,-0.0169228907064522,-0.135044917450693,64
4,-0.0638819203572377,0.0237751617297898,-0.0727395188054178,-0.132358852375594,0.0492604653085163,-0.150711174266495,71
5,0.0856830381887212,0.0128219911848165,-0.282633171745389,0.177529237369403,0.0265662652109052,-0.585596081744205,908
6,0.011750979279786,0.0258965950349776,-0.0732915892361011,0.024347203763821,0.0536559261227153,-0.151855025425432,172
7,0.0474580177391201,0.0216156057293838,-0.292950633056791,0.0983296796471276,0.0447860169472879,-0.606973136957481,49
9,0.0260023861544352,0.0101671787827449,-0.0978160697406436,0.0538751178922276,0.0210656803686574,-0.202668026608498,123
10,0.028071720093503,0.0105028501455832,-0.086848913174692,0.0581626324789091,0.0217611678573267,-0.179944848457697,25
11,0.0155440599602606,-0.00526379552443435,-0.0563621047587477,0.0322062005351787,-0.010906214635656,-0.116778322593047,215
13,0.0771877275409653,-0.0230628024886666,-0.296002248233854,0.159927550356502,-0.0477845069918761,-0.613295869280951,190
14,0.0865804236548374,-0.0058840161591573,-0.284826559647021,0.179388557029323,-0.0121912682309851,-0.590140627428665,802
16,0.0828771579532298,0.0266292994039077,-0.265095604495013,0.171715650586222,0.0551740381152767,-0.549259474113458,115
17,0.0794879909545194,-0.0192940152422875,-0.290364469835106,0.164693534595501,-0.039975844509769,-0.601614788395571,169
19,0.0868028025776917,0.0277927039683279,-0.281604758079947,0.179849310539188,0.0575845306636232,-0.583465280857757,747
20,0.035836109067181,0.0330313979907838,-0.0526844472900927,0.0742499011177782,0.0684387367501281,-0.109158474610087,247
21,0.0250292452315958,0.0285803657816949,-0.104445087679084,0.0518588382464928,0.0592165106212439,-0.216402886202615,72
22,0.0875916265705054,-0.0376416013406784,-0.276410087507921,0.181483698450999,-0.0779907543037305,-0.572702288268652,34
23,0.0895023289472855,-0.0471952366890719,-0.274160256432193,0.185442539581755,-0.0977852157672704,-0.568040796291627,217
24,0.0148419847555069,0.00208500721010221,-0.114364970310915,0.0307515500196196,0.00431998850348744,-0.236956186314874,47
25,0.0821194374758985,-0.00758374502483745,-0.23909420791221,0.170145706974004,-0.0157129870639976,-0.495386406544152,47
26,0.0895169393351123,-0.0277032727449643,-0.271046950444025,0.185472811279204,-0.0573992354498169,-0.561590244940265,38
27,-0.0736925493427883,-0.0762037429300909,-0.0443454332962034,-0.152685786605947,-0.157888803350741,-0.0918806232868502,177
29,-0.0419517070458152,-0.00153122239323214,-0.0735862934601293,-0.0869209906140854,-0.00317258525677764,-0.152465631879723,90
30,-0.0655672717295737,0.0103600474020307,-0.0775847803587122,-0.135850782052168,0.0214652906021192,-0.160750215908752,55
31,-0.0324541377838432,0.0611893701504399,-0.0782001778705777,-0.0672426941439339,0.126780077452384,-0.162025276332262,90
32,0.0826898806193785,-0.0217854524117516,-0.265178538468,0.171327625103489,-0.04513792734435,-0.549431307480805,55
33,-0.0655114637411763,-0.104107745578062,-0.0803754408613983,-0.135735151819759,-0.21570393706177,-0.166532268474483,410
34,-0.0569424140112851,-0.0959930232834913,-0.0896798586285013,-0.117980682607575,-0.198890802386892,-0.185810368612832,199
35,0.0545778637898769,-0.0867616961912581,-0.171146656296244,0.113081500617743,-0.179764140993513,-0.354603851741042,372
36,0.0452635011001566,-0.0744990427455014,-0.150184414201954,0.0937827952981909,-0.154356784294098,-0.311171558358128,402
37,0.0850733456208273,-0.0711000898803014,-0.277353877455523,0.176265997189128,-0.147314392675299,-0.574657754755097,534
38,0.0847007842232082,-0.0506812473261575,-0.276642843894458,0.175494076139282,-0.105007984975108,-0.573184543154431,719
39,-0.105970951396509,-0.0726996283443275,0.0670923032058655,-0.219564368659476,-0.150628524032734,0.139010540163851,251
40,-0.00605104946510131,-0.0803754597429941,-0.0751179306894632,-0.0125373495096883,-0.166532307595824,-0.155639076647768,319
41,0.0806406046639163,-0.0405279539493211,-0.267343409657713,0.167081669250111,-0.083971074192282,-0.553916768540977,638
42,0.080339792320398,-0.0198733268229848,-0.26921292649571,0.166458407201227,-0.0411761374183135,-0.55779027612795,825
43,-0.0858761100654307,-0.0678542034609374,0.291986806410328,-0.177929268737971,-0.14058914398199,0.604976155838231,605
44,-0.00287435888765086,-0.0676777462576512,-0.06858317666347,-0.00595546974100869,-0.14022353704986,-0.142099525259826,434
45,0.0195780497094835,-0.0650121094194691,-0.106508120136893,0.0405643439772701,-0.134700524736222,-0.220677344562699,352
46,0.0270487403396397,-0.0579454740832643,-0.0944960955526893,0.0560430902756122,-0.120058952629022,-0.195789273262061,423
47,0.0788276900701616,0.0101107741922884,-0.2707416491393,0.163325437537876,0.0209488140186827,-0.560957682079032,899
48,0.00974849084865935,-0.0283723073092955,-0.074381261868425,0.0201981883748481,-0.0587854280789565,-0.154112750588873,498
49,0.0105282472140889,-0.0470527854479447,-0.0712817246245291,0.021813788799564,-0.0974900668004009,-0.147690727108626,300
50,0.0275328124001326,-0.0180690667590131,-0.0931807866580299,0.057046053587229,-0.037437837283957,-0.193064045610121,411
52,0.0137651372890613,-0.0294339966128927,-0.0659031304716213,0.0285203976991312,-0.0609851737506229,-0.136546657777399,114
53,0.0291133254505814,0.0171077336281068,-0.0785078414837368,0.0603207656239398,0.0354460225538135,-0.162662733730658,351
54,-0.0183117075880651,-0.00448929170737551,-0.0956480428955161,-0.0379405720404137,-0.00930149712226319,-0.198176027251938,111
55,-0.0667886206920534,-0.0363963594756731,-0.0711955892193404,-0.138381331323698,-0.0754107006162324,-0.147512260598604,211
56,-0.0537116480539263,-0.00980393544909778,-0.0867197489678282,-0.111286762449589,-0.0203130656929283,-0.179677229292636,341
57,-0.0524479238877114,-0.0338877569224829,-0.0842660626009374,-0.108668414732048,-0.0702130523121435,-0.174593363469643,418
58,-0.00838674045413437,-0.0213482249792015,-0.0678592787495379,-0.0173767371969027,-0.0442320228118026,-0.140599659623519,206
59,0.0824003982646882,-0.0214922435497218,-0.279110860463721,0.170727837995721,-0.0445304191750967,-0.578298100150288,510
60,0.0888975505906303,-0.0293948611201404,-0.273238667576337,0.184189481302029,-0.0609040877582344,-0.566131328908036,308
61,-0.00577640226139998,0.00167567269669475,-0.0746570797864007,-0.0119682997928547,0.00347187614040636,-0.154684225943461,412
62,-0.0546261106309379,0.0161005577414744,-0.0854699964076889,-0.113181464683912,0.0333592248534696,-0.177087829761619,189
63,-0.0750174846124741,0.0125751781995174,-0.0370565721579725,-0.155430959430854,0.0260548860397265,-0.0767786149253874,381
64,-0.0651326185421328,0.036979760737555,-0.0724056591396848,-0.134950211174691,0.0766194670569617,-0.150019440486988,324
65,0.0281084380524677,0.0134423774131593,-0.0885980112496358,0.0582387095110797,0.0278516619045844,-0.183568856824967,283
66,0.0829198006957358,0.0120676609356681,-0.263828872646507,0.171804003353777,0.0250033459133769,-0.546634894689449,65
67,0.0340082485914898,0.0119194982094241,-0.108314432220467,0.0704627025878614,0.024696363150479,-0.224419896337553,462
68,-0.0322183402329482,0.0381768060770439,-0.0772051626861685,-0.0667541381791961,0.0790996609285654,-0.159963674752844,404
69,0.0513985985613149,0.0235358900918689,-0.186242761477171,0.106494286352785,0.0487647112794557,-0.385881921434551,595
70,0.0745342047733589,0.0194900631497739,-0.246841131412448,0.154429637546292,0.0403820420050922,-0.511437487948703,342
71,0.0723663916006126,0.0226263697999607,-0.273419200698128,0.149938080903898,0.0468802491127567,-0.566505380857045,240
72,0.0347772839590717,0.0184325310976589,-0.289236264130464,0.0720560898580026,0.0381909098665216,-0.599277225412573,77
73,0.0433325245072429,0.0250981754473881,-0.21064357321966,0.0897819474155202,0.052001656812454,-0.436438689628242,100
74,0.0821442550860328,-0.0716774914419209,-0.266298882951064,0.170197127319193,-0.14851072815846,-0.55175258256481,614
75,0.0874871587250231,-0.0377725527062371,-0.274728820373187,0.181267248412226,-0.0782620763360903,-0.569218820845541,36
76,0.0740853497198673,-0.0272370087838498,-0.250409868364383,0.153499641399793,-0.0564331692694001,-0.518831660270809,643
77,0.0823153808882897,-0.0858878683440315,-0.265660399845304,0.170551687962829,-0.177953631065415,-0.550429690412116,237
78,-0.090685781784399,-0.0435860451231996,0.283310848582787,-0.187894570743077,-0.0903072243263259,0.587000180556168,631
79,0.0890194174942037,-0.00899814511749457,-0.273980034136567,0.184441980967182,-0.0186435247187383,-0.567667388352601,168
80,0.0762266782432103,-0.0104693743510576,-0.248617385928566,0.157936323708714,-0.0216918083621678,-0.515117762554813,262
81,-0.0499231594575287,0.000617091416124346,-0.0499783681634529,-0.103437280153924,0.00127857007416645,-0.103551668715138,159
82,0.0890451559900692,-0.0805177404847361,-0.274114466817123,0.184495309322929,-0.166827103299942,-0.567945923425132,192
83,0.0463831509231851,-0.076947580299239,-0.149466999128121,0.0961026310953906,-0.159429982137852,-0.309685124711197,70
84,0.088688875235533,-0.0621776592071933,-0.272412739118854,0.183757120622116,-0.128827742967693,-0.56442006315138,168
86,0.0817623127133524,-0.001241581802983,-0.267181043010095,0.169405769547872,-0.00257247029604412,-0.553580356250572,523
87,-0.0895709350308399,0.0208667344259921,0.285706286059532,-0.185584686568484,0.043234408201971,0.591963358769761,565
88,-0.0882070263660179,0.0449536632793724,0.281595553248897,-0.182758763606065,0.0931408330942963,0.583446209094301,517
89,0.0837005173009073,0.0223866909419877,-0.264568063494102,0.173421593327797,0.0463836513523482,-0.54816644621024,150
90,0.00926885384238341,-0.0703744570369175,-0.0972495142004724,0.0192044141840828,-0.145810932387016,-0.201494163320032,116
91,0.0344586163865796,-0.0133089223436375,-0.110632422018672,0.0713958330287072,-0.0275751523734552,-0.229222608400574,438
92,-0.0104907364017027,-0.0969691341555179,-0.0654633676847137,-0.0217360690307882,-0.200913235558755,-0.135635500168688,144
93,0.086463553951594,-0.0842458547627782,-0.274061660738296,0.179146411212286,-0.17455149424823,-0.567836512938522,409
94,-0.0694784347891002,-0.0642386135494175,-0.0763487988122361,-0.143954437219669,-0.133097895618237,-0.158189348950868,334
95,-0.0383015565988349,-0.0101012221475572,-0.0541047075033394,-0.0793581352481409,-0.0209290228528661,-0.112101154023117,120
96,0.0731156416003631,0.00654705932074275,-0.250299879530606,0.151490474281474,0.0135650470944283,-0.518603771132044,561
97,0.107055580332659,0.0235698129045388,-0.0845125292981508,0.221811643638677,0.0488349969648144,-0.175104025156229,183
98,-0.00679568450754434,0.0326037360153047,-0.0663837537359998,-0.0140801810198441,0.067552651172823,-0.137542475425686,377
99,0.0441107080612713,0.0279010526101581,-0.179239462061833,0.0913942890854758,0.0578090214398696,-0.371371576907128,218
100,0.0278462896780648,-0.053220362998318,-0.0785831752358513,0.057695556490725,-0.110268854318682,-0.16281881997414,58
101,-0.0487206023059298,-0.0418007593420469,-0.0777012406749529,-0.100945666194738,-0.0866082375733538,-0.160991513504671,120
102,-0.0872971301228165,-0.00541022568367003,0.286851514291921,-0.180873522494691,-0.0112096076413958,0.594336191234712,776
103,0.0222633766372561,-0.0431585962869529,-0.0983536791243143,0.0461281527736504,-0.089421580358541,-0.203781915493665,124
104,0.0340693352519167,-0.0359654865371081,-0.112457196610472,0.0705892698579802,-0.0745179621489284,-0.233003413195799,555
105,0.024364119416033,-0.0340291707258074,-0.0994659008470344,0.0504807442702791,-0.070506051780748,-0.206086360788722,331
106,-0.0874611743250951,0.0139764012707982,0.276669258228491,-0.181213410560532,0.0289581218316341,0.573239271799394,840
107,0.0841787938777412,-0.0102019044875453,-0.263780288684745,0.174412548804306,-0.0211376295901212,-0.546534232132863,34
108,0.0576028441465052,-0.0740454020445964,-0.189514279983135,0.119349047463909,-0.153416872622268,-0.392660278011081,418
109,0.0396089198144132,-0.00121609619213391,-0.0396629642080989,0.0820669000110713,-0.00251966590029001,-0.0821788761991003,219
111,0.0264544147303601,-0.0789082254012418,-0.0918375004656479,0.0548116893543223,-0.163492301087654,-0.190280850962224,202
112,-0.0852716859045795,0.0446641626924875,0.293866705903319,-0.176676944327074,0.0925410082107006,0.608871175557148,86
113,-0.0663018024108052,0.0108511193148634,-0.0766858777086395,-0.137372678035551,0.0224827571161647,-0.15888775275023,291
114,0.00981078343910934,-0.0587609048670348,-0.0737660810497083,0.0203272542472789,-0.121748467943027,-0.152838139138349,65
115,0.0754974234602295,-0.0658447583161097,-0.248013524360436,0.156425359015965,-0.136425714770818,-0.513866603796522,400
116,0.0113387950944674,-0.0444383119957067,-0.0586558296808612,0.0234931870806804,-0.0920730614290921,-0.121530759536998,443
117,0.0745086954652844,-0.0474404831233454,-0.249634794068179,0.154376784051551,-0.0982933491547472,-0.517225760764693,265
118,0.0969224848540585,-0.0112232594705709,-0.263652390294265,0.200816581482441,-0.0232538053823545,-0.546269235650449,108
119,-0.086243588217444,-0.0287547993833484,0.290390996071448,-0.178690657659931,-0.0595779247929139,0.601669748894261,514
120,-0.0677652381610023,-0.0171386093908788,-0.0744425877989531,-0.140404814128805,-0.0355099949657867,-0.154239813609837,323
121,-3.32749484756757e-05,0.00318003262916967,-0.050246956633375,-6.89433562495975e-05,0.00658880426512025,-0.104108165161103,45
122,0.0243340237837333,-0.00192384029290337,-0.098968298416206,0.0504183882338538,-0.00398606197025143,-0.205055363500045,247
123,-0.0630308364129777,0.0113384099951312,-0.0686723818482152,-0.130595466217075,0.0234923891819025,-0.14228435213749,29
124,-0.0880804939069909,0.0940680576544838,0.28513221141624,-0.182496597237687,0.194902408799269,0.590773916427715,369
125,0.0625638758104844,0.027714975988215,-0.204638903860175,0.129627956644648,0.057423483747881,-0.423997436439987,362
126,-0.0876000795053012,0.118350696399573,0.28678919124884,-0.181501212338223,0.245214330841966,0.594207062266569,189
127,0.0684657494809451,-0.0537656044265986,-0.227829143850822,0.141856224384872,-0.11139855626426,-0.472045984985677,136
128,0.0732081884973739,-0.0382558047503591,-0.283844690396566,0.151682224952255,-0.0792633406313784,-0.588106263301126,217
129,0.0709738869488509,-0.0727415114060172,-0.227016669156758,0.147052909064915,-0.150715302794991,-0.470362594481929,204
130,0.0627478737877488,0.000872286304040643,-0.209467068260521,0.130009187530852,0.00180731595888362,-0.434001053982116,381
131,0.0806217464887915,0.00855515545208731,-0.266250825609768,0.167042596435714,0.0177256812444084,-0.551653011128846,36
132,0.0244972823477388,-0.0488646445713843,-0.096120107081331,0.0507566485123711,-0.101244111652272,-0.199154111090568,77
134,0.0516181947602888,-0.00438041905214188,-0.17065595147317,0.106949274254208,-0.00907592062704791,-0.353587145811197,455
135,0.0331258379695158,-0.0687683008897527,-0.113670575928856,0.0686344097532788,-0.142483089654895,-0.235517449924492,273
136,0.117753442781617,-0.0571348379057843,-0.065002368556373,0.243976863292341,-0.118379371402513,-0.134680342352015,197
138,0.088659127873396,-0.0630453999179625,-0.122892365980975,0.183695486177008,-0.130625640776568,-0.254624351240569,67
139,0.0518151612102153,-0.0403205493488512,-0.171401028451926,0.107357374904956,-0.0835413464267092,-0.355130892982355,394
140,-0.08144153060967,-0.00257949431477805,-0.0307736363160955,-0.16874113155846,-0.00534453105517372,-0.0637608131290438,318
141,-0.0879641909990821,0.131632847477284,0.286313403326047,-0.182255625780776,0.272734015032642,0.593221263106448,87
142,0.0403853726774366,-0.0375468334012897,-0.13239784302369,0.0836756558108158,-0.0777944017891326,-0.274319032077034,331
143,0.055665281660554,-0.0599105402308965,-0.190614316968772,0.11533455407341,-0.124130431674866,-0.394939477386671,262
144,0.0610916367209171,-0.0534299681108417,-0.210056817501067,0.126577580650503,-0.110703141390682,-0.4352229729888,415
145,0.0424359807690863,-0.0355229352606998,-0.124286644128921,0.0879243717568153,-0.0736010269858152,-0.257513197639087,31
146,0.0382753001810866,-0.0410417938063793,-0.13341969493639,0.0793037337946275,-0.0850357142877069,-0.276436237472651,37
147,0.0404480460144507,-0.012511507185703,-0.131302852810865,0.0838055105633865,-0.0259229641708951,-0.272050289260263,362
149,0.0358054709341349,0.00775338255753018,-0.135294521057599,0.0741864210579078,0.0160644641176222,-0.280320745521554,189
150,0.0393558161119391,-0.0594042719923486,-0.131851649614244,0.0815424869157205,-0.123081479441218,-0.273187357693342,263
151,0.0802420432466988,-0.0533061413864396,-0.267716667806179,0.166255877985711,-0.110446581114416,-0.554690133209643,79
152,-0.0742981406210052,-0.00891197685126105,-0.0363811035616782,-0.153940529202056,-0.018464990122939,-0.0753790914339003,202
154,0.031103300767742,-0.0486108738931522,-0.116472800888852,0.0644438547196059,-0.100718316629994,-0.241323463233567,40
155,0.0295000737053821,-0.0189901911062275,-0.0774090695285684,0.0611220808454833,-0.0393463422382653,-0.160386155409353,197
157,0.0765404077051565,-0.0899322519340218,-0.281069824748001,0.158586349119775,-0.186333309815588,-0.582356936563818,67
158,0.0773116789653675,-0.0815295665492358,-0.245907260816176,0.160184369002411,-0.168923535842232,-0.509502573661551,144
159,0.0582563455485949,-0.0766075445042626,-0.189226299990881,0.120703056471821,-0.158725451852319,-0.392063603692765,51
160,0.0306498982368007,-0.00935646332011665,-0.0884276310504457,0.0635044365192139,-0.0193859348688892,-0.18321584101852,36
161,-0.0649766643074186,-0.113609715559979,-0.0823463720219568,-0.134627084953462,-0.235391351514573,-0.170615899415194,125
162,0.0155900724809788,-0.0620978543828838,-0.0605820038408703,0.0323015352465197,-0.128662392976638,-0.125521657115978,187
163,0.0827135019585533,-0.0549383336574905,-0.264166202134466,0.171376566859267,-0.113828368866639,-0.547333817696913,22
164,0.0839035874135628,-0.0329517310304447,-0.26436134085381,0.173842340339042,-0.0682736724035372,-0.547738131418259,22
165,0.0891219108235176,-0.0643925267467127,-0.274180533447406,0.184654339947129,-0.133416792953282,-0.568082808843036,90
166,0.0270495989083735,-0.042889761089483,-0.0808417214601052,0.056044869169729,-0.0888645727104256,-0.167498369126823,98
167,0.0112819487951321,-0.0123520099382323,-0.113532077816466,0.0233754055409311,-0.0255924970760702,-0.235230491562728,24
168,0.0339525921738192,-0.07380068926928,-0.110895249310676,0.0703473863993527,-0.15290984493867,-0.229767168090517,32
169,0.0373518904864343,-0.0183591026917366,-0.133975168322194,0.0773904937609343,-0.0380387713665313,-0.2775871393156,25
170,0.0695815753468456,-0.019175893758106,-0.230020869418848,0.144168137211469,-0.0397311050905448,-0.476587086431655,405
171,0.0539661756609658,0.0163496270859996,-0.167069909237672,0.111814125775195,0.0338752790424945,-0.346157118156945,118
172,-0.0695635934700815,-0.102144719456625,-0.0852337691000192,-0.144130880025731,-0.211636684806926,-0.176598383371027,79
173,-0.0555070424771966,-0.0821511747080336,-0.112483541168989,-0.115006693599071,-0.170211464289994,-0.233057997270794,65
174,0.0291776870535603,-0.0284842830027107,-0.0753034031070228,0.060454118345018,-0.0590174338513491,-0.156023362470709,50
175,0.057798578830684,-0.00692603042964474,-0.190315429387476,0.119754595982537,-0.0143502486158802,-0.39432020330993,348
176,0.0672289507242929,-0.0451052937359416,-0.254918777624793,0.139293664224898,-0.0934550007508797,-0.528173803585164,65
177,-0.0646809780000808,0.0274928923988549,-0.00573035214028634,-0.134014443691528,0.0569633421482739,-0.011872887176135,139
178,0.0451287572503236,-0.0427556988843724,-0.151787776888237,0.0935036155047715,-0.0885868052369972,-0.314493613235494,365
179,0.0557195771140299,0.001754641461744,-0.162675617996797,0.115447050439692,0.00363549387539284,-0.337052455329123,41
180,0.0651010566267751,-0.0776234142623436,-0.207671152378244,0.134884817102751,-0.16083026264371,-0.430280042406196,287
181,0.0459593614396612,-0.0141073183437143,-0.151557756468785,0.0952245690494411,-0.0292293728120468,-0.314017027081361,444
182,0.0633163542814685,-0.0196825194917444,-0.210360807861868,0.131187039187875,-0.0407807980289118,-0.435852819666293,453
183,0.0306003264288084,-0.00165644825458366,-0.114509314873663,0.0634017272146194,-0.00343204444653812,-0.237255258111168,57
184,0.0459566668246948,0.00575116447494142,-0.149494065066079,0.095218985996481,0.0119160088718323,-0.309741203433732,323
185,0.0530326597332358,-0.0182124070435069,-0.141766533975417,0.109879946336353,-0.037734828286242,-0.293730301739839,28
186,0.0457127691509963,0.018066027762595,-0.146070137953023,0.0947136471461883,0.0374315406968157,-0.302647066927385,142
188,0.0398659247164416,-0.025147138671237,-0.158337838049438,0.0825993961179065,-0.0521031051734457,-0.328064879932523,46
189,0.0557935682889211,-0.0330694688501047,-0.191151250999351,0.115600354957461,-0.0685176168968188,-0.396051966987663,403
190,0.0548387077130346,-0.0189076337152933,-0.193043058054257,0.113621950906733,-0.0391752891224843,-0.399971658338567,84
191,0.0412844724857057,-0.0829529047348111,-0.156499418811679,0.085538527467274,-0.171872592597752,-0.324255804389173,38
192,0.0706333309537277,-0.0669097638515894,-0.200968312109356,0.146347300961213,-0.138632331442037,-0.416392228128139,94
193,0.0551967631055088,-0.0505916597932345,-0.192679509179066,0.114363816532715,-0.104822365898872,-0.399218410602218,118
194,0.0613449404349862,-0.0357462092703955,-0.211381060348756,0.127102408155831,-0.0740636350527509,-0.437966711163961,190
195,-0.0839897658453619,-0.0133907622337153,0.278196945838854,-0.174020895997179,-0.0277447188778538,0.576404533234326,980
196,0.0577030983321907,-0.0429046524789486,-0.190671153582878,0.11955676709552,-0.0888954266235347,-0.395057238859305,44
197,0.0637270910965575,-0.00879968661532271,-0.208099943945318,0.132038057021553,-0.0182323326405298,-0.43116846841795,29
198,-0.0517970677024939,-0.00332595912683046,0.0194583654997997,-0.107319886427714,-0.00689115371945037,0.0403163667005596,97
199,0.0400126992033786,-0.0385911547708878,-0.130195470253139,0.0829035025464603,-0.079958162321351,-0.269755870375205,24
200,0.0656944982776997,-0.0458723572791744,-0.230539020512989,0.136114386524412,-0.095044302539456,-0.477660659107528,258
201,0.0545792206436201,-0.0333695866145505,-0.242469476276453,0.113084311923403,-0.0691394398266468,-0.502379725540397,59
202,0.0463300806702891,-0.00706564306272684,-0.251356871915796,0.0959926732586613,-0.0146395161862435,-0.520793785118649,48
203,0.0676846662900093,0.00634601385917618,-0.229718297962881,0.140237874870893,0.0131484950180432,-0.475960179625325,290
204,0.0893448776423142,-0.0720539755229451,-0.271789970099711,0.185116311536097,-0.14929077673282,-0.563129729482512,36
205,-0.167518843783091,-0.0434375547641791,0.0117050210100465,-0.347087279005133,-0.0899995627313255,0.0242519814566977,355
206,0.0696379301410151,-0.0650559823485172,-0.226588676070066,0.144284900387035,-0.134791426363892,-0.469475822865446,37
207,-0.084930313541587,-0.0312843501453459,0.295955881895649,-0.175969644766482,-0.0648189763144008,0.613199801484626,265
208,-0.0888971866952678,0.0474355264711474,0.273290754191122,-0.184188727336395,0.0982830793195125,0.566239248715683,130
209,-0.0672496221978844,-0.0693556217125994,0.191269209867427,-0.139336494066365,-0.143699977150662,0.396296369477736,454
210,-0.141220349145606,-0.0669135397605895,-0.0155026046664171,-0.292598645132548,-0.138640154860292,-0.0321203080778552,420
211,-0.142806594451985,-0.0456259905536291,-0.00862218270531566,-0.295885234000954,-0.0945338479871452,-0.0178645570055875,451
212,-0.127273468351614,-0.0301877039864378,0.0185653798297075,-0.263701687655552,-0.0625468024936472,0.038466163108991,83
213,0.0533043851174261,-0.0728426085954284,-0.169549060212551,0.110442942248367,-0.150924769071115,-0.35129374485924,135
214,0.0529369293760384,-0.0228168635607795,-0.171124358893477,0.109681599759649,-0.0472749388062677,-0.354557653088518,267
215,-0.0425303960254079,0.00276515198551951,0.175176806503838,-0.0881199935368679,0.00572920070969642,0.36295403992254,294
216,-0.128310052301787,-0.0575506597061749,0.0213605592588404,-0.265849416798141,-0.119240924968603,0.0442575785729436,232
217,-0.0475832080316898,-0.0122263635963183,0.145098585785896,-0.0985890651408704,-0.0253321666801158,0.300634079071902,340
218,-0.162982893312392,-0.0530922191543562,0.0218710023853485,-0.337689108202239,-0.110003349273891,0.0453151808812307,463
219,-0.0503579473546848,-0.0705946288921472,-0.0811130822529582,-0.104338130140471,-0.146267113007771,-0.168060609631193,250
220,-0.0590816933074526,0.0379869923518466,0.198548292858013,-0.12241311906171,0.0787063802211015,0.411378118204026,205
221,-0.0397617985392539,-0.0518414658399775,-0.0723367318269032,-0.0823836539918439,-0.107411876250376,-0.149876627935861,77
222,-0.0814961935500032,-0.0800623719627121,0.0149179046106656,-0.1688543893317,-0.165883611704104,0.0309088506274463,102
223,-0.128261635788752,-0.0491484654317786,0.00623366862393539,-0.265749101183559,-0.101832168541482,0.012915723580942,141
224,-0.066828445458524,-0.00888177734845061,0.201921049519444,-0.138463845442821,-0.0184024188741107,0.418366233128449,378
225,-0.0606198017716928,-0.0148372965206829,0.182673586757926,-0.125599971773989,-0.0307418363263319,0.378486842089322,365
226,-0.0700913025263811,0.0212691503249923,0.196387967077384,-0.145224256127912,0.0440681856819135,0.40690207491224,354
227,-0.0545704353448109,-0.042347169703781,0.186094381691866,-0.113066109401287,-0.0877403614669502,0.385574488940523,398
228,-0.0933169037323041,-0.000695700918248623,0.00628884721679511,-0.193346070628138,-0.00144144344160439,0.0130300497500016,113
229,-0.0622950512063969,-0.0347068539285083,0.204911410799259,-0.129070970945277,-0.0719101637811716,0.424562051678851,387
230,-0.0800925576536335,0.0067206821886523,0.238961221185633,-0.165946154335668,0.0139247814827209,0.495110867386712,274
231,-0.0954121066155162,-0.086815708250463,0.0579712896044607,-0.197687183850238,-0.179876050186769,0.120112440575845,411
232,-0.0988367754794657,-0.0921868794440724,-0.0487185739198911,-0.20478285721234,-0.191004739667664,-0.100941463521325,160
233,-0.148451043535571,0.00235015083115767,0.163391811912575,-0.307580136076816,0.00486934746454181,0.338536358822331,203
234,-0.0836759280318027,0.0303172871886335,0.257989326748935,-0.173370646089185,0.0628152897876087,0.534535765717199,193
235,-0.0808825883789216,-0.00385107280023768,0.261490548501783,-0.167583042512414,-0.00797915237055914,0.541790051288576,605
236,-0.0499044841357764,-0.0294344634987453,0.166182729319681,-0.103398586198873,-0.0609861411053187,0.344318943675977,348
237,-0.0613487633425078,0.0243231927416564,0.180108433945203,-0.127110328951723,0.0503959470753647,0.373172025619164,502
238,-0.147438451381467,-0.0235599476982803,0.168007266581278,-0.30548211625067,-0.0488145569503075,0.348099256739689,79
239,-0.0679434554930871,-0.102826353477995,-0.0365893879522738,-0.140774067924186,-0.213048982626154,-0.0758106420628233,73
240,-0.0739762228318792,0.0387871466933054,0.0216541431841848,-0.153273538152166,0.0803642438195436,0.0448658638470433,139
241,-0.0764381058002863,-0.0379598862301869,0.264044162445572,-0.158374386757831,-0.0786502182407608,0.54708096003271,588
242,-0.0787302167973625,-0.0194902572457381,0.263914242273102,-0.163123479762455,-0.0403824441582981,0.546811774560008,468
243,-0.0703148160317957,-0.0234416462394141,0.223580819922874,-0.145687360413157,-0.0485694446361767,0.463243756178552,373
244,-0.0674853131826759,-0.043304573170947,0.224926398235583,-0.139824829233621,-0.0897240342098149,0.466031699938784,313
245,-0.0739808287092562,-0.0229499609557237,0.244695390775851,-0.153283081206608,-0.0475507072607925,0.506991664050995,533
246,-0.073840974911942,0.0132721944672186,0.217964111741687,-0.152993313960893,0.0274990547930159,0.451606331304139,279
247,0.0803047617660961,-0.0969972965582287,-0.0731729033527799,0.166385826353006,-0.200971586079248,-0.15160911661083,290
248,-0.0994706064398399,0.0333640431815102,0.0498964852668015,-0.206096110446528,0.0691279542227179,0.10338201310414,192
249,-0.154618143040499,-0.0805377499780608,-0.00701991570427318,-0.320357933118508,-0.166868561564788,-0.0145447723110868,271
250,-0.0750626341660434,0.0305609505319609,0.239705235891688,-0.155524506134871,0.06332014312183,0.49665241360344,115
251,-0.0742883410876366,-0.0560552042556407,0.0232495040610355,-0.153920225257164,-0.116142446305083,0.0481713395372548,311
252,-0.0948744428165455,-0.00654280290585038,0.0149716635220081,-0.196573182220392,-0.0135562281017111,0.0310202353161103,285
253,-0.0795658620437567,0.0197854255627868,0.237674038207418,-0.164854878023298,0.0409940121807326,0.492443914658284,103
254,-0.0707429908796809,-0.0403620462099642,0.245598529617083,-0.146574508626067,-0.0836273250084956,0.508862904300079,358
255,-0.0899372872597618,0.032237014021546,0.273941078839362,-0.186343742656876,0.0667928289576586,0.567586675712732,259
256,-0.148059745828912,-0.0761280646724954,0.0220857330674402,-0.306769394710544,-0.157732003316097,0.0457600877733928,313
257,-0.0576787997108649,0.0298468420720558,-0.0484244421569517,-0.119506422058692,0.0618405605467262,-0.100332043166205,94
258,-0.101721001474771,-0.0640847159346225,0.0215770590584104,-0.210758770907414,-0.132779030569039,0.0447061509522708,374
259,-0.0861066999723206,0.0313324252404763,-0.0522123895462159,-0.178407034830077,0.0649185845350636,-0.1081804041187,99
260,-0.0957358713564446,-0.0241569364624744,0.0557927313597732,-0.198358001654545,-0.0500514757415396,0.115598620899046,367
261,-0.132124837974361,-0.0478673369036395,0.0189929495175166,-0.273753384788727,-0.0991777602083907,0.0393520574727255,50
262,-0.038324589044948,-0.0949778258161529,-0.0635960578081177,-0.0794058568588546,-0.196787384534704,-0.131766565250738,58
263,-0.0377203300495085,0.0188310510864728,0.0748099361825937,-0.0781538746590906,0.0390166152941789,0.155000933660844,437
264,-0.0899807656453711,-0.00544990411703065,0.0549957976889142,-0.186433826818251,-0.0112918185685924,0.11394743030389,165
265,-0.0816521684607371,-0.0443747867507944,0.0591780095254241,-0.16917755839219,-0.0919414415831883,0.122612679500792,229
266,-0.0834839410745917,-0.0733571239409335,0.0594186515013501,-0.172972862597621,-0.151990808731161,0.123111272773957,254
267,-0.0736360192653891,0.00890226223558157,-0.0450723069372071,-0.15256866025584,0.0184448621215355,-0.0933866544206563,46
268,-0.0891617383925977,-0.0779360172732781,0.0100073561238174,-0.184736859873062,-0.161477954127389,0.0207345390441486,221
269,-0.0740090422627588,-0.0993529410801165,-0.00480726552571851,-0.153341537707949,-0.205852316085146,-0.00996031654168593,318
270,-0.0842508984202201,-0.0531088034601985,0.057648713927194,-0.17456194435222,-0.110037710790834,0.119444086427934,53
271,-0.140389628810079,-0.0657318819328449,0.00382166067345068,-0.290877450941132,-0.136191842832315,0.0079182125095518,83
272,-0.0805148675930639,0.0310345500657135,0.00682697905657871,-0.166821150870168,0.0643014080935555,0.0141450211275403,251
273,-0.0981618350623306,0.0233695335572228,0.0542164959798574,-0.203384428070976,0.0484200322233501,0.112332771895247,137
274,-0.09832532163533,-0.00808138211478526,0.0407747527136808,-0.203723160768114,-0.0167440561639352,0.0844824238986728,323
275,-0.0724375627441929,-0.0969635191653767,0.0670266077007927,-0.15008554251485,-0.200901601693539,0.138874423691318,134
276,-0.141281558706371,-0.086266776208765,-0.00740601037148359,-0.292725467043536,-0.178738701549392,-0.0153447333450465,165
277,-0.0924802160384217,-0.0882604694350315,0.0432122207217445,-0.191612512489313,-0.182869493891606,0.0895326864212363,157
278,0.0828450379952379,0.069049907468841,-0.282784025423488,0.171649100289137,0.143066558708755,-0.585908639970353,382
279,-0.143794963952572,-0.0848228371970169,0.0209220573598708,-0.297933066190236,-0.175746961328895,0.0433490334354844,174
280,-0.0811727009789443,0.0394477709085308,0.275239590944438,-0.168184135444248,0.081733010796018,0.570277101596338,40
281,-0.0442868048034201,-0.00859368797275109,0.123380298823381,-0.091759149167445,-0.0178055179209779,0.255635313821155,298
282,-0.0349694868910157,-0.00845843067059974,0.10357187112121,-0.0724543208340449,-0.0175252742904161,0.214593642823122,351
283,-0.083626686875896,-0.0924786745293321,0.0653930230191707,-0.17326862187249,-0.191609318590743,0.135489750962184,298
284,-0.0309124001066088,-0.0380547530961528,0.106752814488304,-0.0640483219572213,-0.0788467757242787,0.221184334073259,459
285,0.0850754303545506,0.0542757048317541,-0.281085114808485,0.176270316610986,0.112455448477975,-0.582388616495276,473
286,-0.0488109203746355,-0.00640045501777974,0.0665752561404634,-0.101132798889808,-0.0132612932751161,0.137939254957989,266
287,-0.0327701233206773,0.0198244936568244,0.0986663227556538,-0.0678973939837127,0.041074958527718,0.20442969113997,327
288,-0.0308887055782876,-0.0397325687274601,0.081150633128567,-0.0639992285586721,-0.0823230918746981,0.168138412408152,395
289,-0.0348025122852097,-0.0122911828672455,0.0792604373244685,-0.072108361177905,-0.0254664676570396,0.164222059455759,340
290,0.012567551669643,-0.0759470919936785,-0.0130960892392758,0.0260390844054591,-0.157357040635802,-0.0271341771290776,52
291,-0.0351169003654883,-0.0511909246070418,0.126961573352216,-0.0727597511998948,-0.10606400050505,0.263055463122049,372
292,-0.0442233232015783,0.0178519693100653,0.12039200401579,-0.0916276197469179,0.0369880266170935,0.249443776856067,221
293,-0.0909353025397842,-0.110949972947905,0.0548596017664114,-0.188411560223699,-0.229880551623462,0.113665241917882,241
294,-0.0455179046474966,-0.0576543805211201,0.166423618669122,-0.0943099015808121,-0.119455827212568,0.344818049489689,357
295,-0.0390107909733215,-0.0307548746751061,0.126213063035439,-0.0808276190605783,-0.063721940326596,0.261504602315646,226
296,-0.0272819690831531,-0.0616997411735137,0.107017637608495,-0.0565263238518699,-0.127837530367419,0.221733028979032,410
297,-0.0313758747008072,-0.0504180966874441,0.098943680699609,-0.0650086087652929,-0.104462755333493,0.205004357320227,38
298,-0.0346792700129288,-0.00990722650048774,0.0941243817408804,-0.0718530118453859,-0.020527077496991,0.195019108350485,94
299,-0.0930986107875779,-0.034140341410363,0.0379687276954852,-0.192893782977984,-0.0707363896313214,0.0786685371358982,274
300,-0.083550822616388,0.00136433025617323,0.274268892803033,-0.173111436454947,0.00282679647008967,0.568265883222173,381
301,-0.0564238121669085,-0.0574140106985611,0.205767669283488,-0.116906176008874,-0.118957797822066,0.426336159120763,296
302,-0.0352545897395216,0.0269713661716164,0.0937985925027541,-0.0730450339125847,0.0558827764336706,0.19434409593017,149
303,-0.0393604344074224,-0.0613474181535606,0.146532026127369,-0.0815520556996064,-0.1271075418147,0.30360406678494,313
304,-0.0249565408015445,-0.0788761097653464,0.106094565944209,-0.0517081997736605,-0.163425759745649,0.219820489320517,277
305,-0.0811176352369659,-0.0467181922913507,0.290112572519142,-0.168070043094288,-0.0967968132793444,0.601092874848342,259
306,-0.0430189842175157,-0.0344956139968468,0.146872657917342,-0.0891323139560103,-0.0714724894787359,0.304309831930249,261
307,-0.0694609267067064,-0.0468655491818672,0.0617035454437638,-0.14391816170259,-0.0971021264072111,0.127845412548193,156
308,-0.0719457420561874,-0.0613331416946237,0.262625650501157,-0.149066524591234,-0.127077961994458,0.544141902909914,309
309,-0.0593002381088235,-0.0664524433573272,0.225982051405246,-0.122865928541143,-0.137684795496813,0.468218939164873,132
310,-0.0668201750010452,-0.0591026533735134,0.24446440335373,-0.138446709635783,-0.122456546846504,0.506513074335248,330
311,-0.0733494989402469,-0.0756050284988844,0.028392056190856,-0.151975010265263,-0.156648309098658,0.058826346374531,80
312,-0.0795421921846547,0.031620497248055,0.0339296568578615,-0.164805835737638,0.0655154495026697,0.0702998660354993,51
313,-0.0591760153813954,0.0336072049260696,0.217617709139069,-0.122608547774419,0.0696317682795207,0.450888609440332,85
314,-0.0762599922971316,-0.0601702589677633,0.273619408531917,-0.1580053480887,-0.124668550656886,0.566920197427504,713
315,-0.0416191374136664,-0.0813409621926875,0.0721729696491947,-0.0862319296935616,-0.168532760861671,0.149537324205121,188
316,-0.045487061833145,0.00670878676856834,0.0945120027599534,-0.094245997435652,0.0139001350077553,0.195822231878305,55
317,-0.0259378751522311,-0.0658648508662097,0.0826630300404187,-0.0537414556264474,-0.13646734512347,0.171271992589675,385
318,-0.0528044738860649,0.00992836785870423,0.071731532891737,-0.10940716128714,0.0205708809063993,0.148622698246998,146
319,-0.0496439404248048,-0.0402479394140879,0.163925837579762,-0.102858757928448,-0.0833909037414768,0.339642822498635,48
320,-0.0517823277709505,-0.0742173040605574,0.131783955539581,-0.107289346324783,-0.153773041526184,0.273047100324981,174
321,-0.0413520036258922,-0.0430413914773328,0.0633759013090881,-0.085678447246841,-0.0891787402246273,0.13131041644695,222
322,-0.088583162894931,0.0148709207702035,0.204208564466554,-0.18353809207686,0.0308115034098144,0.423105803440335,108
323,-0.042024954807493,0.00555816682708715,0.153058316572899,-0.0870727548318881,0.0115161313002388,0.317126082228585,166
324,-0.0633697657145429,0.0242491723947274,0.0650630915160737,-0.131297703925972,0.0502425821151823,0.134806156059773,88
325,-0.0767274129770283,-0.0664554481455337,0.293441731621424,-0.158973810909194,-0.137691021206942,0.607990658692184,184
326,-0.12276548182336,-0.0840667258594032,0.00903326121554139,-0.254361456177416,-0.174180351741157,0.0187162828075903,85
327,-0.00622252164814059,0.0146783820071205,0.0667147868823778,-0.0128926278299783,0.0304125766152381,0.138228352855604,46
328,-0.018242140187542,0.0489411733719408,0.215285889877304,-0.0377964332724415,0.101402673952195,0.446057243700095,22
329,-0.0625223014844228,-0.0589578191335753,0.0697400542429614,-0.129541817560929,-0.122156460473464,0.144496494353808,58
330,0.0703909338604766,0.0949162073925847,-0.276099432158542,0.145845071208217,0.196659715488703,-0.572058632202927,121
331,-0.0401592869558458,-0.0734011094814094,0.2728423342885,-0.0832072220743076,-0.1520819436818,0.565310154171226,120
332,-0.0822144756916797,0.0285169496274481,0.274356457712687,-0.170342619482305,0.0590851168035372,0.568447311565049,63
333,-0.0710740953173353,-0.0837511262588356,0.205758866836984,-0.147260533766503,-0.173526451534217,0.426317921069828,37
334,-0.0250064959107001,-0.089347242670873,0.0853144157881467,-0.0518117032513447,-0.185121211709168,0.176765477644787,51
335,-0.051996919088917,0.0273878756671362,0.217783055248619,-0.107733964464265,0.0567457548557694,0.451231194966604,67
336,-0.0683329747206912,-0.0810779586582794,0.278387473367505,-0.141581124406765,-0.167987836009846,0.576799292892412,396
337,-0.073444049917913,-0.0766741742656714,0.272423994237119,-0.15217091325041,-0.158863504038365,0.564443382965947,532
338,-0.0495193846987056,0.0259805755607063,0.19815062145619,-0.102600687211865,0.0538299278738398,0.410554170989015,49
339,-0.0317676942137237,-0.0962339879952163,0.064492209304709,-0.0658204312774838,-0.199390064345966,0.133623328212467,210
340,-0.0290663060542945,0.0069522593105686,0.0718388437963644,-0.060223344737136,0.0144045930150273,0.148845038904643,90
341,-0.0313923586323645,0.00663547811261257,0.0301655996670289,-0.0650427623137674,0.0137482446212853,0.0625010038962796,53
342,-0.0825110741769439,0.00952171973145986,0.284859574946083,-0.170957150712838,0.0197283345467758,0.590209032809565,165
343,-0.0916962339051947,0.00103029231499843,0.0472969228438652,-0.189988156570508,0.00213469331638737,0.0979959023383012,31
344,-0.0444407497837647,-0.08723441787311,0.185360876089212,-0.0920781123547358,-0.180743587117754,0.384054716847959,90
345,-0.0150571047200863,0.0388522820593432,0.111488614127413,-0.0311972634777559,0.0804991997233363,0.230996578317137,38
346,-0.0749282141587634,-0.0829254303397075,0.0596606599374443,-0.155245997320477,-0.1718156675807,0.123612697256619,93
347,-0.0803992476087497,-0.0341866588885898,0.273969813041461,-0.166581594382982,-0.0708323561932022,0.567646210961398,340
348,-0.101608439831036,0.0103610671217108,0.0432569515141024,-0.210525551087112,0.0214674033896786,0.0896253654814342,94
349,-0.0429746452263318,-0.059796937024608,0.07000727399509,-0.0890404466803277,-0.123895053810104,0.145050154912634,68
350,-0.0478910855880112,0.0966151397284397,0.238582502921847,-0.0992269658144729,0.200179783967861,0.494326189742583,23
351,-0.00775500036115403,-0.0794657301115129,0.223196075632496,-0.0160678160931079,-0.164647411692232,0.462446593030548,193
352,-0.0143738519790132,0.0314295490604617,0.13073503343363,-0.029781611784989,0.0651198182687978,0.270873807390162,61
353,-0.0255624198517961,-0.000604790104981502,0.127936800507562,-0.0529635386132141,-0.0012530826214337,0.265076065295016,131
354,-0.0727838042767843,-0.0450022333517128,0.283146778867409,-0.150802930652875,-0.0932414668729746,0.586660239628978,183
355,-0.071649804009587,-0.0857202555337251,0.273271394586787,-0.148453361743229,-0.177606349094373,0.566199136975179,175
356,-0.024085714629428,0.00339587652440302,0.161165080128025,-0.0499039091055746,0.00703601765672781,0.333922726954297,109
357,0.00150623484797636,-0.0836680137445905,0.190376151854413,0.00312081281795234,-0.173354248241924,0.394446015996714,124
358,-0.0857648799397892,-0.00928777018532939,0.292838427977389,-0.177698807729642,-0.0192436075181195,0.606740655913435,144
359,-0.0812994811227914,-0.107720809372381,-0.0399526214758468,-0.168446814998177,-0.223189951488099,-0.0827790257144398,39
360,-0.0910726845959123,-0.0522615388296355,0.0383232816615401,-0.188696206195274,-0.108282237982055,0.0794031480522547,127
361,-0.0335829568128217,-0.088281167904966,0.12249882471883,-0.0695815278918833,-0.182912379667599,0.253808961384899,83
362,0.00229726401678875,-0.0768234164870081,0.171903164089492,0.00475976969955719,-0.159172723439279,0.356171282757012,142
363,0.0423683123583793,-0.0051043863425789,0.0602807301189494,0.0877841675623706,-0.0105759300066009,0.124897439123448,366
364,0.0513401450817892,-0.0516674457939135,0.0651745459947584,0.106373174848558,-0.107051318936842,0.13503708191185,167
365,0.0729289357038246,0.0332059338788227,-0.0200695876058621,0.151103632776719,0.0688003628520047,-0.0415827759764956,88
366,0.0392613391255942,0.0110263212357983,0.0621434280132346,0.0813467372353951,0.0228457631914247,0.128756818337963,341
367,0.0726707688291598,0.0471522877446485,-0.0225581821822139,0.15056872914419,0.0976962285708488,-0.046738969157791,136
368,0.0391629119399077,0.0438173647509833,0.037408296395024,0.0811428030194671,0.0907865023488741,0.0775073628419885,263
369,0.0231915801306988,0.00728045684119008,0.071932477355682,0.0480513252217556,0.0150845952482514,0.149039041063404,179
370,0.0280237006222644,0.0451954245775008,0.0458774179453582,0.0580631395070433,0.0936417455244511,0.0950547878843642,93
371,0.0865956608653035,-0.0656824497534468,-0.0471109086035471,0.179420127459257,-0.136089422828361,-0.0976104938966587,141
372,0.0520136245473331,-0.0752846234532504,0.0629438771879686,0.107768577000832,-0.15598445234704,0.130415292810244,237
373,0.0468892556165169,-0.0300977739207842,0.0566926042055974,0.0971512444748366,-0.0623604737136511,0.117463094235026,219
374,-0.0690669758744218,-0.0975698738412398,0.261609923558088,-0.143101923246357,-0.202157925995955,0.542037388021198,497
375,-0.0217833738421099,-0.0348023084803868,0.0892270992485848,-0.0451336206940362,-0.0721079389086258,0.184872282976193,139
376,-0.0128757422868413,-0.076929957240935,0.105123035984676,-0.0266776337192114,-0.159393468398763,0.217807547477611,68
377,-0.0184055068318783,-0.0656630495091485,0.0893046991217619,-0.0381349174858134,-0.136049226884708,0.185033064463362,195
378,-0.0562195902259197,0.0132431332608149,0.188231396591514,-0.116483042490219,0.0274388420143966,0.390002233724105,132
379,-0.0250888610119143,-0.0159226180705479,0.0937557713204924,-0.0519823579563309,-0.0329905463525069,0.194255373447975,72
380,0.0481763342600485,-0.0540816005061363,0.056889525543368,0.099817981029128,-0.11205327794778,0.117871101416554,78
381,-0.0448832287855689,-0.0921174875262058,0.182325943285604,-0.0929948977699454,-0.190860964487431,0.377766549230637,412
382,0.0524142257856068,-0.000451408082955773,0.052644175039442,0.108598594631199,-0.000935285844241587,0.109075033335171,39
383,0.0966489030782238,-0.033856648175151,-0.292102334559768,0.200249739257319,-0.0701485971725256,-0.605215522050008,524
384,-0.0771091364848153,-0.106017913962143,0.133106433897158,-0.159764715207827,-0.219661671797156,0.275787182600556,40
385,-0.0723532506861811,-0.102106961670174,0.270665665058158,-0.149910853852119,-0.211558453325233,0.56080024839948,377
386,-0.0119923183656978,0.00774511139429504,0.00630308477545033,-0.0248472413999165,0.0160473268483057,0.013059548971592,48
387,0.0878738864975189,0.034369269874805,-0.291667470647482,0.182068521195873,0.0712107133313636,-0.604314514565451,582
388,-0.0565121669324299,0.0120621277752909,0.179934322688024,-0.117089240877633,0.0249918815936847,0.372811279322605,162
389,0.0908940445869185,-0.00475575035740366,-0.296842813963113,0.188326076643022,-0.00985358073099084,-0.61503746243671,497
390,-0.0403075414916044,-0.0965121145744234,0.167737673572441,-0.0835143950600716,-0.199966323084481,0.347540678959643,233
391,-0.0765337578850917,-0.034321068166256,0.253664947873394,-0.158572571159636,-0.07111084277659,0.525575956400211,56
392,-0.10136099587956,0.0137990273842804,0.217520617851449,-0.21001286459833,0.0285906155962298,0.450687443111373,129
393,-0.0793640072984608,-0.055801781512698,0.26622754798602,-0.164436649167864,-0.115617372180289,0.551604781527292,203
394,-0.108098286066264,0.00952199917314211,0.223759015222355,-0.223972056686587,0.0197289135303155,0.463612964323927,44
395,0.0936101412541045,-0.0467650996969899,-0.300949792733938,0.193953638178423,-0.0968940021293916,-0.623546834005339,416
396,-0.0847979542785401,-0.0163831253811918,0.270093600636942,-0.175695405669407,-0.0339446851574544,0.559614971096392,101
397,0.0747908270145752,0.124514396813179,-0.284191534860408,0.154961340806799,0.257985085205167,-0.588824900670357,244
398,-0.069900303743335,-0.0762069531627026,0.262066035504424,-0.144828520063815,-0.157895454727249,0.542982419939998,314
399,-0.0702827481049563,-0.0633853553335755,0.264285703592332,-0.145620917920965,-0.131330004521706,0.547581416324693,98
400,-0.057304265171941,0.00146921608849466,0.228006307119267,-0.118730412798642,0.00304411254823651,0.472413054835226,130
401,0.0522729704102363,0.0485278911640433,-0.203204633214051,0.108305923414188,0.100546382243388,-0.421025728394027,369
402,-0.0684897114581723,-0.0338040327110658,0.24821397910491,-0.14190587191877,-0.0700395816262712,0.514281931948581,51
403,0.100581610436842,-0.0535262581960933,-0.284638908143812,0.20839803269942,-0.110902647684603,-0.589751826693304,90
404,-0.116871548404402,0.00810697823990835,0.0677859774340104,-0.242149640080641,0.0167970895375034,0.140447784445901,51
405,0.0485701560424706,-0.0491021585410755,0.0336758974966722,0.10063395210311,-0.101736223916207,0.0697740944613395,121
406,-0.145590478072389,-0.106772030215104,0.0960000260614777,-0.301653245342557,-0.221224147709616,0.198905311651056,22
407,0.0879610445539393,0.0149875198939211,-0.293912714064413,0.182249106567424,0.031053088605077,-0.608966501235655,367
408,-0.0773779200361593,-0.107624331391163,0.248356610697496,-0.160321615848797,-0.222990055886932,0.514577454591004,69
409,-0.0629842833380785,-0.0914207130729371,0.242930581996307,-0.130499011515436,-0.189417296756663,0.5033351042072,299
410,0.091339530946391,0.0108359896926223,-0.289163126526958,0.189249093092105,0.0224514096014766,-0.599125689434764,34
411,0.0402940681512209,0.0315175271040501,0.0774335695049238,0.0834864792450672,0.0653021025961707,0.16043691763966,125
412,-0.0543997072937456,-0.0876364732458234,0.202603225919014,-0.112712372870184,-0.181576617612551,0.419779654717215,245
413,-0.068692363435293,-0.0978173448420666,0.233973389351774,-0.142325752582553,-0.202670668529093,0.484776430136232,46
414,-0.0580632724222387,-0.0888635577585257,0.222739929415815,-0.120303022514073,-0.184119050541319,0.461501490106001,168
415,0.0550376285424076,-0.0855923422392385,0.0546824279672962,0.114034100894432,-0.177341321731903,0.113298150249523,125
416,0.0492276071497123,-0.103619449078913,0.0635987908632948,0.101996144622698,-0.214692221009952,0.131772227949114,222
417,-0.0967928179185059,-0.0873339276737687,0.147790095181473,-0.200547920698845,-0.180949764435869,0.306210697507363,47
418,0.0449595256625188,-0.0117639348477327,0.0525090626021678,0.0931529795404442,-0.0243740467907011,0.10879508985446,78
419,-0.0489186836364323,-0.061249875552339,0.186101702287312,-0.101356076799738,-0.126905440395657,0.385589656700141,124
420,-0.0426188672791761,-0.0247623460977322,0.205305455188113,-0.088303299761094,-0.0513058419861944,0.425378483977724,71
421,-0.040846135577643,-0.041513479499272,0.148318098319244,-0.0846303241793858,-0.086013013915585,0.307304682925697,44
422,-0.0848416262023804,0.00457221631565378,0.266438598784694,-0.175785890828404,0.00947331108659033,0.55204206395946,76
423,0.0215826285485762,0.0341345543042929,0.0736812755925253,0.0447176905447335,0.0707243991539887,0.152662428187188,62
425,-0.0426242566041353,-0.0785668967100707,0.164640929205846,-0.0883144660639022,-0.162785092012009,0.341124442125012,109
426,0.0713991653027328,0.152149200960315,-0.284162670171011,0.147934055945679,0.315242458529023,-0.588765095061174,116
427,0.0246496663171949,-0.0175313299530061,0.0697768194480924,0.051072377394735,-0.0363236843886591,0.144572669276717,112
428,-0.0633534112166681,-0.0653977989018709,0.246010462751508,-0.131263818554998,-0.135499646255716,0.509716400823401,141
429,-0.0313174596206832,-0.0684247662108738,0.127446590494608,-0.0648875768219293,-0.141771309927652,0.264060384576986,63
430,0.0552151451225716,0.0118416845890809,0.0123798256467591,0.114401902781049,0.0245351387941943,0.0256501292705633,366
431,0.0353305568335132,0.0303433814809612,-0.124952738873909,0.0732024323959554,0.062869355328637,-0.25889329916902,114
432,0.0866777316019149,0.0604260502096454,-0.289288176034897,0.17959017226146,0.125198532145136,-0.599384783232641,147
433,0.0437413082876543,0.0337303178762137,-0.144547057704246,0.090628918698513,0.0698868496656551,-0.299491351622073,193
434,0.0529095014470209,-0.00654367621715163,0.0119021913847715,0.109624771017064,-0.0135580375413922,0.0246605046253051,240
435,0.0644021478411134,-0.0250708217902481,0.0229427729305991,0.133436727185164,-0.0519449819559832,0.0475358141775694,75
436,0.0469434652541034,-0.05679946491024,-0.109127709220722,0.0972635630366226,-0.117684502109921,-0.226104949163378,29
437,0.0689917533099109,0.035038231262505,-0.22328778027158,0.142946067375779,0.0725967543436627,-0.462636598602059,305
438,0.0782602422403166,0.0458456077092306,-0.262898115852888,0.162149725487873,0.094988879309229,-0.544706431982703,281
439,0.0876008802348122,0.0353211823530668,-0.281531829248745,0.181502871393532,0.0731830091308662,-0.583314177441499,261
440,0.0765176281407603,0.0410325220998348,-0.264184212756994,0.158539151462218,0.0850165039629245,-0.547371134441855,150
441,0.0354624783401819,0.018287208637387,0.0529038629022814,0.0734757644925593,0.0378898119352381,0.109613088348374,51
442,0.0572132371135339,0.0359749935727121,-0.182697270930689,0.118541809054776,0.0745376600589944,-0.378535914031882,240
443,0.0829718947265667,0.0364774906156096,-0.236726587553562,0.17191193852695,0.0755787986401158,-0.490480863445584,83
444,0.0921759834578279,-0.079518488186568,-0.0657002494801157,0.190982163949421,-0.164756722718401,-0.136126302611895,206
445,0.0565104707775516,-0.0799310237638849,0.00701363422910119,0.117085726563851,-0.165611467461082,0.0145317575356959,170
446,-0.059043493743166,-0.0017966083242549,0.208414810079215,-0.12233397224737,-0.00372244626706615,0.431820848933462,57
447,0.0660273757863187,-0.0297677708184835,-0.0185812548572953,0.136804085343359,-0.061676730462718,-0.0384990550512058,291
448,0.0733833503967891,-0.0500183912310686,-0.0560922951730246,0.152045148105737,-0.103634593700307,-0.116219296080905,239
449,-0.0706200876546047,-0.00685546481619315,0.248325015742196,-0.146319861775544,-0.0142040416208274,0.514511992062625,78
450,0.0534585435438168,-0.0711756189876355,0.027010581969821,0.110762347680875,-0.147470883681076,0.055964028813316,61
451,-0.049401590675539,-0.0136255428724632,0.188083114211203,-0.102356626268865,-0.0282311678720433,0.389695003046383,53
452,-0.0395887548606458,-0.0854131531522081,0.145333808617677,-0.0820251196431059,-0.176970054528523,0.301121444259001,78
453,0.0201568853663661,-0.0425212639345206,-0.0192963993376473,0.0417636508050958,-0.0881010724859216,-0.0399807841879129,112
454,-0.0911212495186536,0.0664608115270423,0.287916022248146,-0.188796829304344,0.137702133756743,0.596541776956663,80
455,-0.0812754980761985,0.071497214732996,0.277791965506276,-0.168397123810033,0.148137207478901,0.575565442428117,161
456,0.0672646952122924,0.0010425500722107,-0.0212154897041504,0.139367724293599,0.00216009052843489,-0.0439570046442636,145
457,0.0743350769662217,-0.0839580299392421,-0.0566388307473862,0.154017058715202,-0.1739551414286,-0.117351679406272,106
458,0.06987148867365,-0.0427675401778041,-0.0203350836267154,0.14476881726319,-0.0886113395653409,-0.0421328650851811,91
459,0.0746367314103506,-0.0221829250927597,-0.0553661663357523,0.154642065537408,-0.0459614628237891,-0.114714808128121,185
460,0.034102399274043,0.0332813816160985,-0.104630791020678,0.070657776189648,0.0689566852647362,-0.216787650483936,145
461,0.0417117760031518,0.0130499552258116,-0.127663207957122,0.0864238703447101,0.0270385906932995,-0.264509200745669,67
462,0.0493445253729521,0.0481500260567734,-0.261600920811263,0.10223839096976,0.0997634722796401,-0.542018734962065,93
463,0.0663913988605741,-0.0216800412411688,-0.0707139339563045,0.137558315586865,-0.0449195228022216,-0.146514304721579,234
464,0.0956432658659427,0.0546745350351031,-0.290921215402829,0.198166129582166,0.113281796648362,-0.602768326110107,83
465,0.0831962966816572,0.0328929942584639,-0.246188034562085,0.172376883617525,0.0681519739372396,-0.510084317143556,74
466,0.0711150252245926,-0.060168034680795,-0.285841351110158,0.147345337659719,-0.124663942090505,-0.592243204068663,212
467,0.0692443446281475,0.000221465005630755,-0.0667407590820473,0.143469418846976,0.000458859937564793,-0.138282165429219,162
468,0.0169126693460994,0.059426645210715,-0.245436363180192,0.0350418630614003,0.12312783517834,-0.50852690683224,54
469,0.0867440954661346,-0.0584242024766988,-0.296215644105608,0.179727673527205,-0.121050844237795,-0.613738010539841,190
470,0.066900487025915,-0.0775775761821609,-0.0720833156480151,0.138613110510776,-0.160735289360907,-0.149351567411326,208
471,0.0975343323142049,-0.057149705306345,-0.295648707684043,0.202084286448119,-0.118410175612296,-0.612563358091876,137
472,0.0692748588691023,-0.0471870460771056,-0.0695354078332761,0.143532642211135,-0.0977682453945257,-0.144072481365826,143
473,0.0243560350744997,0.0457306473881474,-0.230664965095989,0.0504639940824078,0.0947506895979272,-0.477921607438065,66
474,0.0180047989736171,0.0555592343636597,-0.215201964472995,0.0373046789463214,0.115114831522241,-0.44588335615668,45
475,0.0743377614193015,0.00348244502180917,-0.0537527379284154,0.154022620713447,0.00721538150340745,-0.111371897783675,125
476,-0.0465293567742502,0.060158317830476,-0.198292537037525,-0.0964055593503547,0.124643809459086,-0.410848210106416,22
477,0.00398824811603776,0.0534105777652098,-0.190940280730543,0.00826336999069369,0.110662965956371,-0.39561485140772,53
478,0.0830651199550329,-0.0241222098048375,-0.288255327517538,0.172105094652865,-0.0499795245458655,-0.597244793644492,81
479,0.0774560972040428,0.0344084646157707,-0.209180323471159,0.160483593450052,0.0712919220818892,-0.43340693891744,107
480,0.0341307732220393,-0.000998424989826987,-0.0573299425549563,0.0707165650171151,-0.00206866645676286,-0.118783614532856,43
481,0.0668333502028977,0.0167902357783164,-0.0615548568059891,0.13847400772869,0.0347881893078032,-0.12753734013354,45
482,0.0953715350839559,-0.0607937067290729,-0.298410205389805,0.197603122486297,-0.125960290631852,-0.618284987390565,22
483,0.0439574854654864,-0.0244470662639854,-0.0671120406557873,0.0910768226282576,-0.0506526043136491,-0.139051434773873,79
484,0.0737975114945488,0.0378028901116224,-0.0643213055974097,0.152903260812611,0.0783249333093683,-0.133269227733985,64
485,0.076720451079207,0.0241341452916417,-0.05750935600461,0.158959386345862,0.0500042540362614,-0.119155346599834,116
486,0.0278777616187793,-0.0434008257446054,-0.0635485405391764,0.0577607641415235,-0.0899234627823498,-0.131668112806761,29
487,0.0729808642145079,-0.0729878125671885,-0.0554370419751498,0.151211225003772,-0.151225621502524,-0.114861657475159,41
488,0.0251929541394388,-0.0910124996898691,-0.0857250128854839,0.0521980316058123,-0.188571507296905,-0.177616205993095,28
489,-0.14669792866231,-0.0534213485469901,-0.0303737014989353,-0.303947805185542,-0.110685282259757,-0.0629321762764204,50
490,-0.1495842112461,-0.0343865674001854,-0.023015697569834,-0.309927979987517,-0.0712465525890986,-0.0476869089083642,89
491,0.0363238639480977,-0.0934740919852435,-0.0200481010257633,0.0752604949746585,-0.193671753648461,-0.0415382572915931,67
492,-0.0692962391357946,-0.0821791841526595,-0.0796291031140513,-0.143576940622126,-0.170269497892078,-0.164985909079352,139
493,-0.000662034644485387,-0.0543624936568539,-0.11996873095818,-0.00137168928684283,-0.112635268828162,-0.248566784808341,63
494,-0.00789977349587506,-0.0441649982620463,-0.071629824677763,-0.0163677758604308,-0.09150677456853,-0.148411965970894,106
495,0.0670041022616808,0.0814233578655602,-0.0412739656960449,0.138827794002098,0.168703478908987,-0.0855167581370178,31
496,0.0901152306450737,-0.0831667377125628,-0.276244991495433,0.186712428853785,-0.17231563950957,-0.572360220925929,49
497,-0.0289315187530434,-0.0885744485651189,-0.0482478801904189,-0.0599440749154301,-0.183520036597521,-0.0999662191719862,42
498,0.0966307517477017,-0.0980838195612119,-0.0441259384040345,0.200212130975296,-0.203222785431903,-0.0914258452860119,28
499,0.000121478266281442,-0.0440270646222277,-0.0683876726788638,0.000251694435979283,-0.0912209857542883,-0.141694454734509,42
500,0.071744282649063,-0.0446380429299,-0.259100799554868,0.148649114848726,-0.0924868898970828,-0.53683865930927,24
502,0.024303404003731,-0.0800209102260927,-0.103790298417017,0.0503549462002013,-0.165797705897801,-0.21504620883928,21
503,0.0741590012196896,-0.0765628204627603,-0.253486147467625,0.153652242134676,-0.15863278677942,-0.525205494517105,47
504,0.0701909589567122,-0.0494002800561957,-0.231025953943958,0.14543073725241,-0.102353910757634,-0.478669550977808,53
505,0.0681939732993372,-0.0372752096814313,-0.234022143048933,0.141293123224176,-0.0772316165184738,-0.484877444372638,38
506,0.106981026052762,0.0265685659674042,-0.137892775009184,0.221657172406885,0.0550482027003194,-0.285704145226651,30
507,0.0666232266964861,-9.57728086296587e-05,-0.236695655218889,0.138038646580962,-0.000198434533090438,-0.490416773820605,23
508,0.0682581125380515,0.0145595883444005,-0.233195958993261,0.141426015222115,0.030166444489291,-0.483165649034486,55
509,0.0898262083204289,-0.0539996173475454,-0.103049587602966,0.186113594895961,-0.111883414601085,-0.213511508054742,52
510,0.00332307038547878,0.0180158649114054,-0.062658650697223,0.00688516845025402,0.0373276067922273,-0.129824323553667,43
511,0.0600864402291989,-0.044975218795119,-0.217961825302436,0.124494884117403,-0.0931854946090195,-0.451601593962594,23
513,0.0428028655330878,-0.0784454804185819,-0.130542671430766,0.0886845312204908,-0.162533525983447,-0.270475246830346,27
514,-0.165926965684976,-0.0356573100800241,0.000357059057074127,-0.343789019387857,-0.0738794421739383,0.000739801289008818,37
515,-0.0813423068328507,0.0305001475236621,-0.061887218814002,-0.168535546861652,0.063194163558999,-0.128225970871436,27
516,0.0561837732544473,-0.0987706525916494,-0.0866083681136219,0.116408832240853,-0.204645855232779,-0.179446455985307,26
517,-0.0808485559620375,0.0156304924737597,-0.0308625416690595,-0.167512529734821,0.0323852826327535,-0.0639450187763156,33
518,-0.0610686712762482,-0.0232457089459822,-0.0483658275993117,-0.126529997862076,-0.0481634763254057,-0.100210597919438,35
519,-0.0788082038826759,-0.050985643151977,0.296310963491034,-0.163285063525974,-0.105638671747642,0.613935505611898,132
521,-0.129820713408253,-0.0670780357072773,0.00746352294219314,-0.268979400512815,-0.138980978908822,0.0154638953522892,44
522,0.0132604820634994,-0.106388738989603,-0.0976559731028511,0.0274747875151044,-0.220429995209983,-0.202336317619024,21
524,-0.0412803312756812,-0.0720424182796818,0.0782424947667636,-0.0855299471709518,-0.149266830936475,0.162112953969126,45
525,-0.0816204451145107,0.0101993587012048,0.289679500707481,-0.169111829846828,0.0211323548996215,0.600195580470416,100
527,-0.0863551692674006,-0.0275794415068689,0.283317866798741,-0.178921845758795,-0.057142665821495,0.587014721806716,42
528,-0.0714220417652297,-0.00364686881653313,0.222927742968134,-0.147981454369295,-0.00755605605813597,0.461890626595738,37
529,-0.0731631953721848,-0.0674847892480697,0.296805619721666,-0.151589002356855,-0.139823743677914,0.614960398580687,91
530,-0.0885180859045831,0.0253664491372236,0.289215637496526,-0.183403257123397,0.0525575010561872,0.599234488475719,55
531,-0.0569463371988151,0.0211380808948481,0.161474912565803,-0.1179888111766,0.0437966190280247,0.33456467800498,29
533,-0.0336115146285685,0.0832734890221221,-0.0639249158815528,-0.069640697680416,0.172536820725536,-0.13244793608228,26
534,-0.0738217495372303,-0.0773166580916703,0.296630463027203,-0.152953480334742,-0.160194685402412,0.6145974862115,32
535,-0.00751080936007695,-0.085363055469202,0.0767079404841166,-0.0155618694890881,-0.176866255647833,0.158933465271488,43
536,-0.0236879296960114,0.0343730372590642,0.194672926268739,-0.0490797266610755,0.0712185190869549,0.403348630808805,59
537,-0.0404792137273936,0.0348598798253383,0.241354906483914,-0.0838700878756094,0.0722272226919699,0.500070415209586,44
538,-0.0452647554863797,-0.0245281813231202,0.0664606577151108,-0.0937853942983461,-0.0508206690192406,0.137701815069224,51
539,0.010614552458891,0.0473877515173725,0.141963317166313,0.021992607205337,0.0981840929706585,0.294138022690747,38
540,-0.0819017530786285,-0.0295261247766571,0.299552499943009,-0.16969468019144,-0.061176056835526,0.620651741478287,40
541,-0.0207259601505515,0.0331380378711684,0.178885098187247,-0.0429427337902261,0.0686596870926701,0.370637359846946,30
542,-0.0913374981607334,-0.0327379352153935,0.0664636841228887,-0.189244881302991,-0.0678307024902248,0.137708085573586,21
543,-0.0636546073355391,-0.0799612053417424,0.282296791744088,-0.131887875759459,-0.165674001570667,0.58489912600641,25
544,-0.131938212392526,-0.0872022886806673,-0.0175793873113721,-0.273366709690398,-0.180677017687535,-0.0364232558599919,23
545,-0.0820972455182963,-0.0121366786893068,0.296778307954858,-0.170099726796455,-0.025146345851608,0.614903810518042,21
548,0.0410415154878326,0.0247955226554854,0.0704935114128362,0.0850351376312253,0.0513745814837774,0.1460576046924,37
549,0.0388466533558594,0.0380465604591555,0.0753258917224624,0.0804875374450373,0.0788298011558119,0.156069957302462,20
550,0.0568608873555664,-0.0812023383332231,0.0718877917265035,0.117811765102769,-0.1682455419608,0.148946455578142,37
551,0.0288417727448495,-0.0739557388987417,0.048767727587272,0.0597581274895637,-0.153231096881349,0.10104330646794,28
552,-0.011740114006218,-0.0568847400368698,0.0881099875640064,-0.0243246916800866,-0.11786118618319,0.182557706023601,47
553,-0.0709358593642619,-0.0492090073571306,0.265610339170201,-0.14697411858043,-0.101957607158784,0.550325968209202,82
554,-0.143237134502122,-0.107340179553335,0.0988777203656583,-0.296777282746814,-0.222401313235724,0.204867692140858,25
555,-0.0642548045020611,-0.00198304932571023,0.262826332925536,-0.133131442134979,-0.00410873892781251,0.544557702798745,28
556,0.0538317680722849,-0.0966050288482909,0.0968789322375943,0.111535642691266,-0.200158834934307,0.200726343519949,22
558,-0.0670284893914062,0.0302923635142736,0.0507400776203677,-0.138878322422113,0.0627636496847938,0.105129877212896,25
559,0.00870644386978449,-0.0613631619854918,0.0146915032054998,0.0180391402204714,-0.127140161928729,0.030439762816742,23
561,0.064218506170482,-0.0839553881136119,0.00914232365352504,0.13305623454128,-0.173949667751437,0.0189422525193346,38
562,0.065835711683835,-0.0111212811192924,-0.00448339092537433,0.136406970784115,-0.0230425134007281,-0.00928927111638503,24
566,0.0513731040177045,0.0532023880175456,-0.277361369248302,0.106441463448977,0.110231611420954,-0.574673277223565,20
567,0.0429204854871697,0.050457599953485,-0.187809654709633,0.0889282315045727,0.104544603326306,-0.389128414164951,27
569,0.0527909691797017,0.0425138753879056,-0.0344126806433421,0.109379180484029,0.0880857639362536,-0.0713006573949137,21
571,-0.0491018863287608,-0.0878953071104271,-0.132548682896581,-0.101735659911409,-0.182112903201389,-0.274631561699762,20
